Model,MSE,R2
Random Forest,3.497837974683546,0.82941575657175
Linear Regression,5.03239410886674,0.7545777855043501
Decision Tree,6.708860759493671,0.6728190541680993
